"Variable / Field Name","Form Name","Section Header","Field Type","Field Label","Choices, Calculations, OR Slider Labels","Field Note","Text Validation Type OR Show Slider Number","Text Validation Min","Text Validation Max",Identifier?,"Branching Logic (Show field only if...)","Required Field?","Custom Alignment","Question Number (surveys only)","Matrix Group Name","Matrix Ranking?","Field Annotation"
audit_q1,audit,,radio,"How often do you have a drink containing alcohol?","0, Never | 1, Monthly or less | 2, Two to four times a month | 3, Two to three times a week | 4, Four or more times a week",,,,,,,y,LV,,,,
audit_q2,audit,,radio,"How many drinks containing alcohol do you have on a typical day when you are drinking?","0, 1 or 2 | 1, 3 or 4 | 2, 5 or 6 | 3, 7 to 9 | 4, 10 or more",,,,,,,y,LV,,,,
audit_q3,audit,,radio,"How often do you have six or more drinks on one occasion?","0, Never | 1, Less than monthly | 2, Monthly | 3, Weekly | 4, Daily or almost daily",,,,,,,y,LV,,,,
audit_q4,audit,,radio,"How often during the last year have you found that you were not able to stop drinking once you had started?","0, Never | 1, Less than monthly | 2, Monthly | 3, Weekly | 4, Daily or almost daily",,,,,,,y,LV,,,,
audit_q5,audit,,radio,"How often during the last year have you failed to do what was normally expected of you because of drinking?","0, Never | 1, Less than monthly | 2, Monthly | 3, Weekly | 4, Daily or almost daily",,,,,,,y,LV,,,,
audit_q6,audit,,radio,"How often during the last year have you needed a first drink in the morning to get yourself going after a heavy drinking session?","0, Never | 1, Less than monthly | 2, Monthly | 3, Weekly | 4, Daily or almost daily",,,,,,,y,LV,,,,
audit_q7,audit,,radio,"How often during the last year have you had a feeling of guilt or remorse after drinking?","0, Never | 1, Less than monthly | 2, Monthly | 3, Weekly | 4, Daily or almost daily",,,,,,,y,LV,,,,
audit_q8,audit,,radio,"How often during the last year have you been unable to remember what happened the night before because you had been drinking?","0, Never | 1, Less than monthly | 2, Monthly | 3, Weekly | 4, Daily or almost daily",,,,,,,y,LV,,,,
audit_q9,audit,,radio,"Have you or someone else been injured as a result of your drinking?","0, No | 2, Yes, but not in the last year | 4, Yes, during the last year",,,,,,,y,LV,,,,
audit_q10,audit,,radio,"Has a relative or friend, doctor or other health worker been concerned about your drinking or suggested you cut down?","0, No | 2, Yes, but not in the last year | 4, Yes, during the last year",,,,,,,y,LV,,,,
