"Variable / Field Name","Form Name","Section Header","Field Type","Field Label","Choices, Calculations, OR Slider Labels","Field Note","Text Validation Type OR Show Slider Number","Text Validation Min","Text Validation Max",Identifier?,"Branching Logic (Show field only if...)","Required Field?","Custom Alignment","Question Number (surveys only)","Matrix Group Name","Matrix Ranking?","Field Annotation"
name,demographics,,text,"Your full name",,,,,,y,,y,,,,,
age,demographics,,text,"<div class=""rich-text-field-label""><p>Your age (in years)</p></div>",,,number,18,35,,,y,,,,,
sex,demographics,,dropdown,"The sex assigned to you at birth","1, female | 2, male | 3, intersex | 0, prefer not to say",,,,,,,y,,,,,
gender,demographics,,dropdown,"The gender you identify with","1, woman | 2, man | 3, non-binary | 0, prefer not to say | 4, other",,,,,,,y,,,,,
handedness,demographics,,dropdown,"<div class=""rich-text-field-label""><p>Your handedness</p></div>","1, Right-handed | 2, Ambidextrous | 3, Left-handed",,,,,,,y,,,,,
education,demographics,,radio,"<div class=""rich-text-field-label""><p>Your achieved level of education</p></div>","0, Less than secondary education (no school degree or up to 7th grade) | 1, Lower secondary school degree (up to 8th/9th grade) | 2, Higher secondary school degree (up to 10th grade) | 3, General Certificate of Secondary Education or equivalent (up to 12th/13th grade) | 4, Vocational degree or equivalent | 5, Bachelor's degree or equivalent | 6, Master's degree or equivalent | 7, Doctorate or equivalent","Please choose the option that corresponds best to the highest level of education you have completed.",,,,,,y,,,,,
email,demographics,,text,"Your email",,"(please double-check if it's written correctly!)",email,,,y,,y,,,,,
