"Variable / Field Name","Form Name","Section Header","Field Type","Field Label","Choices, Calculations, OR Slider Labels","Field Note","Text Validation Type OR Show Slider Number","Text Validation Min","Text Validation Max",Identifier?,"Branching Logic (Show field only if...)","Required Field?","Custom Alignment","Question Number (surveys only)","Matrix Group Name","Matrix Ranking?","Field Annotation"
psqi_1,psqi,,text,"1. During the past month, at what time have you usually gone to bed at night?",,"BED TIME (Use the 24-hour format, e.g., 23:00 instead of 11 PM)",time,,,,,y,,,,,
psqi_2,psqi,,text,"2. During the past month, how long (in minutes) has it usually taken you to fall asleep each night?",,"NUMBER OF MINUTES",integer,0,,,,y,,,,,
psqi_3,psqi,,text,"3. During the past month, at what time have you usually gotten up in the morning?",,"GETTING UP TIME (Use the 24-hour format, e.g., 23:00 instead of 11 PM)",time,,,,,y,,,,,
psqi_4,psqi,,text,"4. During the past month, how many hours of <u>actual sleep</u> did you get at night? (This may be different than the number of hours you spent in bed.)",,"HOURS OF SLEEP PER NIGHT (for example, to indicate one and a half hours, write 1.5)",number,0,24,,,y,,,,,
psqi_5a,psqi,"<div class=""rich-text-field-label""><p>For each of the remaining questions, choose the best response. Please answer <u>all</u> questions. <br /><br />5. During the past month, how often have you had trouble sleeping because you . . .</p></div>",radio,"5a) Cannot get to sleep within 30 minutes","0, Not during the past month | 1, Less than once a week | 2, Once or twice a week | 3, Three or more times a week",,,,,,,y,,,,,
psqi_5b,psqi,,radio,"5b) Wake up in the middle of the night or early morning","0, Not during the past month | 1, Less than once a week | 2, Once or twice a week | 3, Three or more times a week",,,,,,,y,,,,,
psqi_5c,psqi,,radio,"5c) Have to get up to use the bathroom","0, Not during the past month | 1, Less than once a week | 2, Once or twice a week | 3, Three or more times a week",,,,,,,y,,,,,
psqi_5d,psqi,,radio,"5d) Cannot breathe comfortably","0, Not during the past month | 1, Less than once a week | 2, Once or twice a week | 3, Three or more times a week",,,,,,,y,,,,,
psqi_5e,psqi,,radio,"5e) Cough or snore loudly","0, Not during the past month | 1, Less than once a week | 2, Once or twice a week | 3, Three or more times a week",,,,,,,y,,,,,
psqi_5f,psqi,,radio,"5f) Feel too cold","0, Not during the past month | 1, Less than once a week | 2, Once or twice a week | 3, Three or more times a week",,,,,,,y,,,,,
psqi_5g,psqi,,radio,"5g) Feel too hot","0, Not during the past month | 1, Less than once a week | 2, Once or twice a week | 3, Three or more times a week",,,,,,,y,,,,,
psqi_5h,psqi,,radio,"5h) Had bad dreams","0, Not during the past month | 1, Less than once a week | 2, Once or twice a week | 3, Three or more times a week",,,,,,,y,,,,,
psqi_5i,psqi,,radio,"5i) Have pain","0, Not during the past month | 1, Less than once a week | 2, Once or twice a week | 3, Three or more times a week",,,,,,,y,,,,,
psqi_5other,psqi,,notes,"5j) Other reason(s), please describe",,,,,,,,,,,,,
psqi_5othera,psqi,,radio,"How often during the past month have you had trouble sleeping because of this?","0, Not during the past month | 1, Less than once a week | 2, Once or twice a week | 3, Three or more times a week",,,,,,"[psqi_5other]<>""""",,,,,,
psqi_6,psqi,,radio,"6. During the past month, how would you rate your sleep quality overall?","0, Very good | 1, Fairly good | 2, Fairly bad | 3, Very bad",,,,,,,y,,,,,
psqi_7,psqi,,radio,"7. During the past month, how often have you taken medicine to help you sleep (prescribed or ""over the counter"")?","0, Not during the past month | 1, Less than once a week | 2, Once or twice a week | 3, Three or more times a week",,,,,,,y,,,,,
psqi_8,psqi,,radio,"8. During the past month, how often have you had trouble staying awake while driving, eating meals, or engaging in social activity?","0, Not during the past month | 1, Less than once a week | 2, Once or twice a week | 3, Three or more times a week",,,,,,,y,,,,,
psqi_9,psqi,,radio,"9. During the past month, how much of a problem has it been for you to keep up enough enthusiasm to get things done?","0, No problem at all | 1, Only a very slight problem | 2, Somewhat of a problem | 3, A very big problem",,,,,,,y,,,,,
psqi_10,psqi,,radio,"10. Do you have a bed partner or room mate?","0, No bed partner or room mate | 1, Partner/room mate in other room | 2, Partner in same room, but not same bed | 3, Partner in same bed",,,,,,,y,,,,,
psqi_10_desctxt,psqi,,descriptive,"If you have a room mate or bed partner, ask him/her how often in the past month you have had...",,,,,,,"[psqi_10]<>""0""",y,,,,,
psqi_10a,psqi,,radio,"10a) Loud snoring","0, Not during the past month | 1, Less than once a week | 2, Once or twice a week | 3, Three or more times a week",,,,,,"[psqi_10]<>""0""",y,,,,,
psqi_10b,psqi,,radio,"10b) Long pauses between breaths while asleep","0, Not during the past month | 1, Less than once a week | 2, Once or twice a week | 3, Three or more times a week",,,,,,"[psqi_10]<>""0""",y,,,,,
psqi_10c,psqi,,radio,"10c) Legs twitching or jerking while you sleep","0, Not during the past month | 1, Less than once a week | 2, Once or twice a week | 3, Three or more times a week",,,,,,"[psqi_10]<>""0""",y,,,,,
psqi_10d,psqi,,radio,"10d) Episodes of disorientation or confusion during sleep","0, Not during the past month | 1, Less than once a week | 2, Once or twice a week | 3, Three or more times a week",,,,,,"[psqi_10]<>""0""",y,,,,,
psqi_10e,psqi,,notes,"10e) Other restlessness while you sleep; please describe",,,,,,,"[psqi_10]<>""0""",,,,,,
psqi_10e1,psqi,,radio,,"0, Not during the past month | 1, Less than once a week | 2, Once or twice a week | 3, Three or more times a week",,,,,,"[psqi_10]<>""0""",,,,,,
