﻿"Variable / Field Name","Form Name","Section Header","Field Type","Field Label","Choices, Calculations, OR Slider Labels","Field Note","Text Validation Type OR Show Slider Number","Text Validation Min","Text Validation Max",Identifier?,"Branching Logic (Show field only if...)","Required Field?","Custom Alignment","Question Number (surveys only)","Matrix Group Name","Matrix Ranking?","Field Annotation"
volunteer_ger,screening_ger,,radio,"<div class=""rich-text-field-label""><p>Ich habe die Studieninformation zur Kenntnis genommen und erwäge, an der Studie teilzunehmen.</p></div>","1, Ja, ich möchte mit dem Fragebogen fortfahren. | 2, Nein, ich nehme lieber nicht teil.",,,,,,,y,,,,,
cutoff_age_ger,screening_ger,"<div class=""rich-text-field-label""><h5>Exklusionskriterien</h5> <p><span style=""font-weight: normal;"">Du wirst zu einigen Symptomen oder Störungen befragt, die Du erlebt haben könntest. Bitte antworte ehrlich, sodass wir Dein Wohlbefinden und Deine Sicherheit während der Studie gewährleisten können.</span></p> <p><span style=""font-weight: normal;"">Wenn Du Dir nicht sicher bist ob etwas, was Du erlebt hast, als Symptom oder Störung zählt, wähle bitte die Antwortoption ""vielleicht"" und spezifiziere es.</span></p></div>",radio,"<div class=""rich-text-field-label""><p>Bist Du zwischen 18 und 35 Jahre alt?</p></div>","1, Ja | 0, Nein",,,,,,,y,,,,,
cutoff_colour_ger,screening_ger,,radio,"<div class=""rich-text-field-label""><p>Hast Du Schwierigkeiten, zwischen rot und grün bzw. zwischen blau und gelb zu unterscheiden (Farbblindheit)?</p></div>","1, Ja | 0, Nein",,,,,,,y,,,,,
cutoff_neuro_ger,screening_ger,,radio,"<div class=""rich-text-field-label""><p>Hast Du <span style=""text-decoration: underline;"">jemals in Deinem Leben</span> eine dieser Erfahrungen gemacht:</p> <ul> <li>Unkontrollierte schüttelnde Bewegungen des ganzen Körpers oder von Körperteilen, mit vollständigem oder partiellem Bewusstseinsverlust (<em>Epilepsie, Anfall</em>)</li> <li>Pulsierende Kopfschmerzen, möglicherweise begleitet von Übelkeit, Empfindlichkeit gegenüber Licht / Geräuschen / Gerüchen, visuellen Störungen (<em>Migräne</em>)</li> <li>Gehirn-Operation (z.B. um einen Tumor zu entfernen, um ein Implantat durchzuführen...)</li> <li>Schwere Gehirnerschütterung</li> <li>Schlaganfall</li> <li>Andere neurologische Störungen</li> </ul></div>","1, Ja | 2, Vielleicht | 3, Nein",,,,,,,y,,,,,
cutoff_neuro_extra_ger,screening_ger,,text,"Bitte spezifiziere:",,,,,,,"[cutoff_neuro_ger] = '2'",y,,,,,
cutoff_sleep_ger,screening_ger,,radio,"<div class=""rich-text-field-label""><p><span style=""text-decoration: underline;"">Im letzten Jahr,</span> hast Du irgendeine von diesen Schlafstörungen erlebt? Oder hat dies jemand bei Dir bemerkt?</p> <ul> <li>Regelmäßige Ein- oder Durchschlafstörungen (<em>Insomnie</em>)</li> <li>Gehen oder Durchführen komplexer Aktivitäten in der Nacht ohne bei Bewusstsein zu sein und ohne anschließende Erinnerung daran (<em>Schlafwandeln</em>)</li> <li>Unwillentliches, gewöhnliches Zähneknirschen während des Schlafs (<em>Bruxismus</em>)</li> <li>Exzessive Schläfrigkeit tagsüber mit plötzlicher Muskelschwäche (<em>Narkolepsie</em>)</li> <li>Unangenehme ""kriechende"" Empfindungen und Schmerzen in den Beinen, die durch Bewegungen wie gehen oder treten abnehmen (<em>Restless Legs Syndrom</em>)</li> <li>Periodisch unterbrochenes Atmen während des Schlafs, das Keuch- oder Schnaufgeräusche verursacht, mehr als nur Schnarchen (<em>Schlafapnoe</em>)</li> </ul></div>","1, Ja | 2, Vielleicht | 3, Nein",,,,,,,y,,,,,
cutoff_sleep_extra_ger,screening_ger,,text,"Bitte spezifiziere:",,,,,,,"[cutoff_sleep_ger] = '2'",y,,,,,
cutoff_psych_ger,screening_ger,,radio,"<div class=""rich-text-field-label""><p>Hast Du <span style=""text-decoration: underline;"">im letzten Jahr</span> irgendeins dieser psychiatrischen Symptome gehabt?</p> <ul> <li>Depressive Stimmung</li> <li>Extreme Stimmungsschwankungen</li> <li>Exzessive Ängste oder Sorgen</li> <li>Halluzinationen oder Paranoia</li> <li>Suizidale Gedanken</li> <li>Andere psychische Probleme</li> </ul></div>","1, Ja | 2, Vielleicht | 3, Nein",,,,,,,y,,,,,
cutoff_psych_extra_ger,screening_ger,,text,"Bitte spezifiziere:",,,,,,,"[cutoff_psych_ger] = '2'",y,,,,,
cutoff_substances_ger,screening_ger,,radio,"<div class=""rich-text-field-label""><p>Hast Du <span style=""text-decoration: underline;"">im letzten Jahr</span> irgendeine dieser Substanzen exzessiv konsumiert?</p> <ul> <li>Alkohol <span style=""color: #7e8c8d;"">(mehr als 5 Bier oder 10 Shots an den meisten Wochen trinken)</span></li> <li>Nikotin <span style=""color: #7e8c8d;"">(mehr als 5 Zigaretten an den meisten Tagen rauchen)</span></li> <li>Cannabis <span style=""color: #7e8c8d;"">(an den meisten Tagen konsumieren / negative Konsequenzen im Alltag / Entzugssymptome)</span></li> <li>Verschreibungspflichtige Medikamente <span style=""color: #7e8c8d;"">(in größeren Mengen oder länger einnehmen als verschrieben / Entzugssymptome)</span></li> <li>Andere illegale Drogen<span style=""color: #7e8c8d;""> (Konsumieren mindestens einer illegalen Droge an den meisten Monaten)</span></li> </ul></div>","1, Ja | 2, Vielleicht | 3, Nein",,,,,,,y,,,,,
cutoff_substances_extra_ger,screening_ger,,text,"Bitte spezifiziere:",,,,,,,"[cutoff_substances_ger] = '2'",y,,,,,
exclusion_confirm_ger,screening_ger,,radio,"<div class=""rich-text-field-label""><p>Bitte überprüfe: Hast Du die Optionen korrekt ausgewählt, die für Dich zutreffen?</p></div>","0, Ja",,,,,,"[cutoff_age_ger] = '0' or [cutoff_colour_ger] = '1' or [cutoff_neuro_ger] = '1' or [cutoff_sleep_ger] = '1' or [cutoff_psych_ger] = '1' or [cutoff_substances_ger] = '1'",y,,,,,
shift_work_ger,screening_ger,"<div class=""rich-text-field-label""><h5>Dein Chronotyp</h5> <p><span style=""font-weight: normal; color: #7e8c8d;""><em>Munich ChronoType Questionnaire (µMCTQ)</em> </span></p> <p><span style=""font-weight: normal;"">Im folgenden Abschnitt wirst Du zu Deinem Schlaf- und Wachverhalten an arbeits- sowie arbeitsfreien Tagen befragt. Bitte gebe eine Schätzung zu Deinem ""normalen"" Schlafverhalten in den letzten 6 Wochen ab.</span></p></div>",radio,"<div class=""rich-text-field-label""><p>Ich war Schicht- oder Nachtarbeiter/in in den letzten 3 Monaten:</p></div>","1, Ja | 0, Nein",,,,,,,y,,,,,
nr_workdays_ger,screening_ger,,dropdown,"Normalerweise arbeite ich an  ___ Tagen / Woche:","0, 0 | 1, 1 | 2, 2 | 3, 3 | 4, 4 | 5, 5 | 6, 6 | 7, 7",,,,,,,y,,,,,
desc_txt_ger,screening_ger,,descriptive,"<div class=""rich-text-field-label""><p>Bitte beantworte alle folgenden Fragen selbst wenn Du nicht arbeitest, oder an 7 Tagen / Woche arbeitest. Benutze das 24-Stunden Format (z.B. 23:00 statt 11 PM).</p></div>",,,,,,,,,,,,,
fall_asleep_work_ger,screening_ger,,text,"<div class=""rich-text-field-label""><p><span style=""text-decoration: underline;"">An Arbeitstagen</span> schlafe ich normalerweise zu dieser Uhrzeit ein:</p></div>",,"Damit ist NICHT gemeint wann Du ins Bett gehst, sondern wann Du einschläfst",time,,,,,y,,,,,
wake_up_work_ger,screening_ger,,text,"<div class=""rich-text-field-label""><p><span style=""text-decoration: underline;"">An Arbeitstagen</span> wache ich normalerweise zu dieser Uhrzeit auf:</p></div>",,"Damit ist NICHT gemeint wann Du aufstehst, sondern wann Du aufwachst",time,,,,,y,,,,,
fall_asleep_free_ger,screening_ger,,text,"<div class=""rich-text-field-label""><p><span style=""text-decoration: underline;"">An arbeitsfreien Tagen</span>, wenn ich KEINEN Wecker benutze, schlafe ich normalerweise zu dieser Uhrzeit ein:</p> <p> </p></div>",,"Damit ist NICHT gemeint wann Du ins Bett gehst, sondern wann Du einschläfst",time,,,,,y,,,,,
wake_up_free_ger,screening_ger,,text,"<div class=""rich-text-field-label""><p><span style=""text-decoration: underline;"">An arbeitsfreien Tagen</span>, wenn ich KEINEN Wecker benutze, wache ich normalerweise zu dieser Uhrzeit auf:</p></div>",,"Damit ist NICHT gemeint wann Du aufstehst, sondern wann Du aufwachst",time,,,,,y,,,,,
alarm_free_days_ger,screening_ger,,radio,"<div class=""rich-text-field-label""><p>Benutzt Du <span style=""text-decoration: underline;"">an den MEISTEN arbeitsfreien Tagen</span> einen Wecker?</p></div>","1, Ja | 0, Nein",,,,,,,y,,,,,
name_ger,screening_ger,"<div class=""rich-text-field-label""><h5>Danke für Deine Antworten.</h5> <p><span style=""font-weight: normal;"">Anhand derer können wir jetzt überprüfen, ob Du an der Studie teilnehmen kannst.</span></p> <p><span style=""font-weight: normal;"">Um als Proband/in eingetragen zu werden, fülle bitte zuletzt noch folgende Felder aus:</span></p></div>",text,"Dein voller Name",,,,,,y,,y,,,,,
age_ger,screening_ger,,text,"<div class=""rich-text-field-label""><p>Dein Alter (in Jahren)</p></div>",,,number,18,35,,,y,,,,,
gender_ger,screening_ger,,dropdown,"Deine Geschlechtsidentität","1, weiblich | 2, männlich | 3, divers",,,,,,,y,,,,,
email_ger,screening_ger,,text,"Deine Email-Adresse",,"(Bitte überprüfe dass keine Tippfehler drin sind!)",email,,,y,,y,,,,,
