title,instructions,offline_instructions,acknowledgement,stop_action_acknowledgement,stop_action_delete_response,question_by_section,display_page_number,question_auto_numbering,survey_enabled,save_and_return,save_and_return_code_bypass,hide_title,view_results,min_responses_view_results,check_diversity_view_results,end_survey_redirect_url,survey_expiration,promis_skip_question,survey_auth_enabled_single,edit_completed_response,hide_back_button,show_required_field_text,confirmation_email_subject,confirmation_email_content,confirmation_email_from,confirmation_email_from_display,confirmation_email_attach_pdf,text_to_speech,text_to_speech_language,end_survey_redirect_next_survey,theme,text_size,font_family,theme_text_buttons,theme_bg_page,theme_text_title,theme_bg_title,theme_text_sectionheader,theme_bg_sectionheader,theme_text_question,theme_bg_question,enhanced_choices,repeat_survey_enabled,repeat_survey_btn_text,repeat_survey_btn_location,response_limit,response_limit_include_partials,response_limit_custom_text,survey_time_limit_days,survey_time_limit_hours,survey_time_limit_minutes,email_participant_field,end_of_survey_pdf_download,pdf_save_to_field,pdf_save_to_event_id,pdf_auto_archive,pdf_econsent_version,pdf_econsent_type,pdf_econsent_firstname_field,pdf_econsent_firstname_event_id,pdf_econsent_lastname_field,pdf_econsent_lastname_event_id,pdf_econsent_dob_field,pdf_econsent_dob_event_id,pdf_econsent_allow_edit,pdf_econsent_signature_field1,pdf_econsent_signature_field2,pdf_econsent_signature_field3,pdf_econsent_signature_field4,pdf_econsent_signature_field5
"Screening Fragebogen","<h5>Willkommen!</h5>
<p>Danke f&uuml;r Dein Interesse an meiner Studie.</p>
<p>Bevor ich Dich zu uns ins Labor einlade, w&uuml;rde ich gerne <strong>&uuml;berpr&uuml;fen, ob Du zur Teilnahme geeignet bist</strong>. Daf&uuml;r ist dieser Fragebogen gedacht. Ich werde Dir <strong>einige Fragen zu Deiner Gesundheit und Deinem Schlaf </strong>stellen.</p>
<p>Am Ende des Fragebogens, falls Du zur Teilnahme berechtigt und bereit bist, wirst Du um pers&ouml;nliche Informationen gebeten (Name, Email), sodass wir die erste Studiensitzung ausmachen k&ouml;nnen. Erst in dieser Sitzung entscheidest Du, ob Du zur Teilnahme einwilligst oder nicht. Dein Einverst&auml;ndnis wird nicht automatisch erteilt, indem Du diesen Fragebogen ausf&uuml;llst.</p>
<p>Fragebogendaten werden sicher auf der Plattform REDCap f&uuml;r die Dauer der Studie (Februar - Dezember 2023) gespeichert, dennoch kannst Du die L&ouml;schung Deiner Daten jederzeit verlangen.</p>
<p><span style=""color: #34495e;"">Dauer des Fragebogens: ca. 5 min</span></p>
<h5>Worum geht es in der Studie?</h5>
<p>Im Rahmen meines Promotionsprojekts an der TU M&uuml;nchen untersuche ich die <strong>Effekte von schnell flackerndem Licht</strong> auf <strong>Gehirnaktivit&auml;t im Schlaf</strong>. Das Ziel ist es, eine gewisse Form von Gehirnaktivit&auml;t zu verst&auml;rken, die in Erkrankungen wie Alzheimer Demenz beeintr&auml;chtigt ist: neue Forschung zeigt, dass schnell flackerndes Licht das machen kann. Ich m&ouml;chte testen, ob eine Anwendung w&auml;hrend des Schlafs machbar und effektiv bei jungen, gesunden Menschen ist. Wenn ja, k&ouml;nnen wir es als n&auml;chstes an &auml;lteren Menschen mit Demenzrisiko untersuchen.</p>
<p>Auf lange Sicht m&ouml;chte ich zur Demenzpr&auml;vention bzw. -verz&ouml;gerung beitragen, mit einer Intervention, die f&uuml;r Betroffene m&ouml;glichst nicht invasiv, preiswert und praktisch ist. <em>Das geht nur mit der Hilfe von Menschen wie Dir!</em></p>
<p>Das Experiment beinhaltet die folgenden Sitzungen (sie finden immer am Wochenende statt):</p>
<ol>
<li>Eine 1,5-st&uuml;ndige Sitzung, bei der Du Dein Einverst&auml;ndnis erteilst, die Stimulation auf Dich angepasst wird und eine Messung im Wachzustand durchgef&uuml;hrt wird.</li>
<li>Eine Nacht im Schlaflabor (am n&auml;chsten Freitag oder Samstag), in der nur Deine Gehirnaktivit&auml;t gemessen wird, sodass wir deinen ""gew&ouml;hnlichen"" Schlaf abbilden k&ouml;nnen.</li>
<li>Eine weitere Nacht im Schlaflabor (die direkt darauffolgende Nacht), in der Deine Gehirnaktivit&auml;t gemessen wird und zus&auml;tzliche die Stimulation aktiviert wird, w&auml;hrend Du schl&auml;fst.</li>
</ol>
<p>In der ersten Sitzung erkl&auml;re ich gerne mehr dazu und beantworte alle Fragen. Versuchsteilnehmende bekommen eine Aufwandsentsch&auml;digung von bis zu 100 &euro;, zudem biete ich individualisierte Schlafberichte an.</p>",,"<p>Vielen Dank, Du hast den Fragebogen erfolgreich ausgef&uuml;llt!</p>
<p>Du wirst sehr bald eine Email von mir bekommen.</p>
<p>Ich w&uuml;nsche Dir einen sch&ouml;nen Tag :)</p>
<p>&nbsp;</p>
<hr />
<p>&nbsp;</p>
<p>Laura Hainke<br />(Doktorandin)</p>
<p>Technische Universit&auml;t M&uuml;nchen<br />Fakult&auml;t f&uuml;r Sport- und Gesundheitswissenschaften<br />Assistant Professorship of Chronobiology &amp; Health<br /><a href=""mailto:laura.hainke@tum.de""><span style=""text-decoration: underline;"">laura.hainke@tum.de</span></a></p>
<p>&nbsp;</p>","<p>Danke f&uuml;r das Ausf&uuml;llen des Fragebogens. Leider k&ouml;nnen wir Dich zurzeit nicht in die Studie aufnehmen, da mindestens ein Exklusionskriterium m&ouml;glicherweise auf Dich zutrifft. Wir bitten um Verst&auml;ndnis, dies ist zu Deiner Sicherheit - wir wollen niemanden mit unserem Experiment gef&auml;hrden. Dein Interesse wird trotzdem sehr gesch&auml;tzt.</p>
<p>Falls Du Fragen hast, stehe ich gerne zur Verf&uuml;gung.</p>
<p>Ich w&uuml;nsche Dir einen sch&ouml;nen Tag!</p>
<p>&nbsp;</p>
<hr />
<p>&nbsp;</p>
<p>Laura Hainke<br />(Doktorandin)</p>
<p>Technische Universit&auml;t M&uuml;nchen<br />Fakult&auml;t f&uuml;r Sport- und Gesundheitswissenschaften<br />Assistant Professorship of Chronobiology &amp; Health<br /><a href=""mailto:laura.hainke@tum.de""><span style=""text-decoration: underline;"">laura.hainke@tum.de</span></a></p>
<p>&nbsp;</p>",0,1,0,0,0,0,0,0,0,10,0,,,0,0,0,0,1,,,,,0,2,en-US_AllisonV3Voice,0,,1,16,,,,,,,,,1,0,,HIDDEN,,1,"<p>Thank you for your interest; however, the survey is closed because the maximum number of responses has been reached.</p>",,,,,0,,,0,,,,,,,,,1,,,,,
