﻿"Variable / Field Name","Form Name","Section Header","Field Type","Field Label","Choices, Calculations, OR Slider Labels","Field Note","Text Validation Type OR Show Slider Number","Text Validation Min","Text Validation Max",Identifier?,"Branching Logic (Show field only if...)","Required Field?","Custom Alignment","Question Number (surveys only)","Matrix Group Name","Matrix Ranking?","Field Annotation"
name,demographics,,text,"Your full name",,,,,,y,,y,,,,,
age,demographics,,text,"<div class=""rich-text-field-label""><p>Your age (in years)</p></div>",,,number,18,35,,,y,,,,,
sex,demographics,,dropdown,"Your sex assigned at birth","1, female | 2, male | 3, intersex | 0, prefer not to say",,,,,,,y,,,,,
gender,demographics,,dropdown,"Your gender identity","1, woman | 2, man | 3, non-binary | 0, prefer not to say | 4, other",,,,,,,y,,,,,
handedness,demographics,,dropdown,"<div class=""rich-text-field-label""><p>Your handedness</p></div>","1, Right-handed | 2, Ambidextrous | 3, Left-handed",,,,,,,y,,,,,
education,demographics,,dropdown,"<div class=""rich-text-field-label""><p>Your level of education</p> <ol> <li>Early childhood education: kindergarten, pre-school</li> <li>Primary education: primary school</li> <li>Lower secondary education: secondary school, up to 10th grade</li> <li>Upper secondary education: vocational or high school, up to 13th grade</li> <li>Post-secondary, non-tertiary education: vocational school as second education after higher education entrance qualification</li> <li>Short-cycle tertiary education: master craftsman training</li> <li>Bachelor’s or equivalent</li> <li>Master’s or equivalent: </li> <li>Doctorate or equivalent</li> </ol></div>","0, Early childhood education | 1, Primary education | 2, Lower secondary education | 3, Upper secondary education | 4, Post-secondary, non-tertiary education | 5, Short-cycle tertiary education | 6, Bachelor's or equivalent level | 7, Master's or equivalent level | 8, Doctoral or equivalent level","Please choose the option that corresponds best to the highest level of education you have completed.",,,,,,y,,,,,
email,demographics,,text,"Your email",,"(please double-check if it's written correctly!)",email,,,y,,y,,,,,
