"Variable / Field Name","Form Name","Section Header","Field Type","Field Label","Choices, Calculations, OR Slider Labels","Field Note","Text Validation Type OR Show Slider Number","Text Validation Min","Text Validation Max",Identifier?,"Branching Logic (Show field only if...)","Required Field?","Custom Alignment","Question Number (surveys only)","Matrix Group Name","Matrix Ranking?","Field Annotation"
gsqs1_con,gsqs_con,,truefalse,"I had a deep sleep last night",,,,,,,,y,,,,,
gsqs2_con,gsqs_con,,truefalse,"I feel like I slept poorly last night",,,,,,,,y,,,,,
gsqs3_con,gsqs_con,,truefalse,"It took me more than half an hour to fall asleep last night",,,,,,,,y,,,,,
gsqs4_con,gsqs_con,,truefalse,"I felt tired after waking up this morning",,,,,,,,y,,,,,
gsqs5_con,gsqs_con,,truefalse,"I woke up several times last night",,,,,,,,y,,,,,
gsqs6_con,gsqs_con,,truefalse,"I feel like I didn't get enough sleep last night",,,,,,,,y,,,,,
gsqs7_con,gsqs_con,,truefalse,"I got up in the middle of the night",,,,,,,,y,,,,,
gsqs8_con,gsqs_con,,truefalse,"I felt rested after waking up this morning",,,,,,,,y,,,,,
gsqs9_con,gsqs_con,,truefalse,"I feel like I only had a couple hours of sleep last night",,,,,,,,y,,,,,
gsqs10_con,gsqs_con,,truefalse,"I feel I slept well last night",,,,,,,,y,,,,,
gsqs11_con,gsqs_con,,truefalse,"I didn't sleep a wink last night",,,,,,,,y,,,,,
gsqs12_con,gsqs_con,,truefalse,"I didn't have any trouble falling asleep last night",,,,,,,,y,,,,,
gsqs13_con,gsqs_con,,truefalse,"After I woke up last night, I had trouble falling asleep again",,,,,,,,y,,,,,
gsqs14_con,gsqs_con,,truefalse,"I tossed and turned all night last night",,,,,,,,y,,,,,
gsqs15_con,gsqs_con,,truefalse,"I didn't get more than 5 hours sleep last night",,,,,,,,y,,,,,
gsqs_sum_con,gsqs_con,,calc,"GSQS_con total score:","sum([gsqs2_con],[gsqs3_con],[gsqs4_con],[gsqs5_con],[gsqs6_con],[gsqs7_con],[gsqs9_con],[gsqs11_con],[gsqs13_con],[gsqs14_con],[gsqs15_con]) + 4 - sum([gsqs1_con],[gsqs8_con],[gsqs10_con],[gsqs12_con])",,,,,,,,,,,," @HIDDEN"
