title,instructions,offline_instructions,acknowledgement,stop_action_acknowledgement,stop_action_delete_response,question_by_section,display_page_number,question_auto_numbering,survey_enabled,save_and_return,save_and_return_code_bypass,hide_title,view_results,min_responses_view_results,check_diversity_view_results,end_survey_redirect_url,survey_expiration,promis_skip_question,survey_auth_enabled_single,edit_completed_response,hide_back_button,show_required_field_text,confirmation_email_subject,confirmation_email_content,confirmation_email_from,confirmation_email_from_display,confirmation_email_attach_pdf,text_to_speech,text_to_speech_language,end_survey_redirect_next_survey,theme,text_size,font_family,theme_text_buttons,theme_bg_page,theme_text_title,theme_bg_title,theme_text_sectionheader,theme_bg_sectionheader,theme_text_question,theme_bg_question,enhanced_choices,repeat_survey_enabled,repeat_survey_btn_text,repeat_survey_btn_location,response_limit,response_limit_include_partials,response_limit_custom_text,survey_time_limit_days,survey_time_limit_hours,survey_time_limit_minutes,email_participant_field,end_of_survey_pdf_download,pdf_save_to_field,pdf_save_to_event_id,pdf_auto_archive,pdf_econsent_version,pdf_econsent_type,pdf_econsent_firstname_field,pdf_econsent_firstname_event_id,pdf_econsent_lastname_field,pdf_econsent_lastname_event_id,pdf_econsent_dob_field,pdf_econsent_dob_event_id,pdf_econsent_allow_edit,pdf_econsent_signature_field1,pdf_econsent_signature_field2,pdf_econsent_signature_field3,pdf_econsent_signature_field4,pdf_econsent_signature_field5
"Screening Survey","<h4 style=""text-align: right;""><span style=""color: #e03e2d;""><strong><em>DEUTSCH / ENGLISH</em></strong></span></h4>
<hr />
<h5>Welcome!</h5>
<p>Thank you for your interest in my study.</p>
<p>Before inviting you to our lab, I would like to <strong>check if you are eligible to participate</strong>: that is what this survey is for. I will ask you <strong>some</strong> <strong>questions about your health and sleep</strong>.</p>
<p>At the end of the survey, if you are eligible and willing to enrol, you will be asked for information that can identify you (name &amp; email), so we can schedule your first study session. You only decide if you agree to take part in the study or not at that session; consent is not granted just by filling in this survey.</p>
<p>Survey data will be securely stored on the REDCap platform for the duration of the study (Jun - Dec 2023), but you may request the deletion of your data anytime.</p>
<p><span style=""color: #34495e;"">Survey completion time: ~ 10 min</span></p>
<h5>What is the study about?</h5>
<p>Within my PhD project at TU Munich, I am looking into the <strong>effects of rapidly flickering light</strong> on <strong>brain activity during sleep.</strong> The goal is to enhance a certain form of brain activity which is impaired in conditions such as Alzheimer&rsquo;s Disease: new research shows that rapidly flickering light can do that. I want to test if applying it during sleep is feasible and effective in young, healthy people. If so, then we can try it on older people at risk for dementia next.</p>
<p>My aim is to help prevent or delay dementia with an intervention that is not invasive, not expensive, and as convenient as possible for patients. <em>That can only happen with the help of people like you!</em></p>
<p>The experiment involves the following sessions:</p>
<ol>
<li>A 1-hour session on a day of your choice, in which you provide your informed consent and the stimulation is applied to you while you are awake.</li>
<li>One night at the sleep lab on a weekend, in which only your brain activity is measured, so we can see what your &ldquo;usual&rdquo; sleep is like.</li>
<li>One more night at the sleep lab (on the following night), in which your brain activity is measured and the light stimulation is activated while you sleep.</li>
</ol>
<p>On the first session, I am happy to provide more details and answer any questions. Participants are reimbursed for their time with a value of 100 &euro; and are also offered an individualized report of their sleep.</p>",,"<p>Good job, you have successfully completed the survey!</p>
<p>You will receive an email from me very soon.</p>
<p>Have a great day :)</p>
<p>&nbsp;</p>
<hr />
<p>&nbsp;</p>
<p>Laura Hainke<br />(PhD Candidate)</p>
<p>Technical University of Munich<br />Department for Sport and Health Sciences<br />Assistant Professorship of Chronobiology &amp; Health<br /><a href=""mailto:laura.hainke@tum.de""><span style=""text-decoration: underline;"">laura.hainke@tum.de</span></a></p>
<p>&nbsp;</p>","<p>Thank you for filling in the questionnaire. Unfortunately, we cannot include you in this study at this point, since one or more exclusion criteria possibly apply to you. Please understand this is for your safety, we do not want to put anyone at risk with our experiment. Your interest is much appreciated nonetheless.</p>
<p>If you have any questions, please reach out.</p>
<p>Have a good day!</p>
<p>&nbsp;</p>
<hr />
<p>&nbsp;</p>
<p>Laura Hainke<br />(PhD Candidate)</p>
<p>Technical University of Munich<br />Department for Sport and Health Sciences<br />Assistant Professorship of Chronobiology &amp; Health<br /><a href=""mailto:laura.hainke@tum.de"">laura.hainke@tum.de</a></p>
<p>&nbsp;</p>",0,1,0,0,1,0,0,0,0,10,0,,,0,0,0,0,1,,,,,0,2,en-US_AllisonV3Voice,1,,1,16,,,,,,,,,1,0,,HIDDEN,,1,"<p>Thank you for your interest; however, the survey is closed because the maximum number of responses has been reached.</p>",,,,,0,,,0,,,,,,,,,1,,,,,
