"Variable / Field Name","Form Name","Section Header","Field Type","Field Label","Choices, Calculations, OR Slider Labels","Field Note","Text Validation Type OR Show Slider Number","Text Validation Min","Text Validation Max",Identifier?,"Branching Logic (Show field only if...)","Required Field?","Custom Alignment","Question Number (surveys only)","Matrix Group Name","Matrix Ranking?","Field Annotation"
mumctq_nr_workdays,mumctq,,dropdown,"Normally, I work ___ days / week:","0, 0 | 1, 1 | 2, 2 | 3, 3 | 4, 4 | 5, 5 | 6, 6 | 7, 7",,,,,,,y,,,,,
mumctq_fall_sleep_work,mumctq,"Please answer all the following questions even if you do not work, or work 7 days / week.
Use the 24-hour format (e.g., 23:00 instead of 11 PM).",text,"<div class=""rich-text-field-label""><p><span style=""text-decoration: underline;"">On workdays</span>, I normally fall asleep at:</p></div>",,"This is NOT when you get into bed, but rather when you fall asleep",time,,,,,y,,,,,
mumctq_wake_up_work,mumctq,,text,"<div class=""rich-text-field-label""><p><span style=""text-decoration: underline;"">On workdays</span>, I normally wake up at:</p></div>",,"This is NOT when you get out of bed, but rather when you wake up",time,,,,,y,,,,,
mumctq_fall_sleep_free,mumctq,,text,"<div class=""rich-text-field-label""><p><span style=""text-decoration: underline;"">On work-free days</span>, when I DON'T use an alarm clock, I normally fall asleep at:</p></div>",,"This is NOT when you get into bed, but rather when you fall asleep",time,,,,,y,,,,,
mumctq_wake_up_free,mumctq,,text,"<div class=""rich-text-field-label""><p><span style=""text-decoration: underline;"">On work-free days</span>, when I DON'T use an alarm clock, I normally wake up at:</p></div>",,"This is NOT when you get out of bed, but rather when you wake up",time,,,,,y,,,,,
alarm_free_days,mumctq,,yesno,"<div class=""rich-text-field-label""><p><span style=""text-decoration: underline;"">On MOST work-free days</span>, do you use an alarm clock?</p></div>",,,,,,,,y,,,,,
