"Variable / Field Name","Form Name","Section Header","Field Type","Field Label","Choices, Calculations, OR Slider Labels","Field Note","Text Validation Type OR Show Slider Number","Text Validation Min","Text Validation Max",Identifier?,"Branching Logic (Show field only if...)","Required Field?","Custom Alignment","Question Number (surveys only)","Matrix Group Name","Matrix Ranking?","Field Annotation"
name,demographics,,text,"Your full name",,,,,,y,,y,,,,,
age,demographics,,text,"<div class=""rich-text-field-label""><p>Your age (in years)</p></div>",,,number,18,35,,,y,,,,,
sex,demographics,,dropdown,"Your sex assigned at birth","1, female | 2, male | 3, intersex | 4, prefer not to say",,,,,,,y,,,,,
gender,demographics,,dropdown,"Your gender identity","1, woman | 2, man | 3, non-binary | 4, prefer not to say | 5, other",,,,,,,y,,,,,
handedness,demographics,,dropdown,"<div class=""rich-text-field-label""><p>Your handedness</p></div>","1, Right-handed | 2, Ambidextrous | 3, Left-handed",,,,,,,y,,,,,
email,demographics,,text,"Your email",,"(please double-check if it's written correctly!)",email,,,y,,y,,,,,
